{
  "experiment": "E202_Protein_Folding_Coherence",
  "timestamp": "2025-12-10T21:51:53.482012",
  "backend": "ibm_torino",
  "shots": 4096,
  "n_qubits": 8,
  "e2_threshold": 0.1353352832366127,
  "results": [
    {
      "structure_type": "alpha_helix",
      "n_residues": 20,
      "classical_R_phi": 0.9973475083043695,
      "classical_R_psi": 0.9979629078053743,
      "classical_R_combined": 0.9976551606040402,
      "quantum_R_phi": 0.9993264947151954,
      "quantum_R_psi": 0.9992703751410125,
      "quantum_R_combined": 0.9963955785248728,
      "hardware_R_phi": 0.9987630325452951,
      "hardware_R_psi": 0.9992321536548409,
      "hardware_R_combined": 0.9973536834699589,
      "go_no_go_classical": "GO",
      "go_no_go_quantum": "GO",
      "go_no_go_hardware": "GO",
      "agreement": true
    },
    {
      "structure_type": "beta_sheet",
      "n_residues": 20,
      "classical_R_phi": 0.9935351251480737,
      "classical_R_psi": 0.9969218488227758,
      "classical_R_combined": 0.9952270463733316,
      "quantum_R_phi": 0.9716270270788974,
      "quantum_R_psi": 0.9255888133636304,
      "quantum_R_combined": 0.9949593786997356,
      "hardware_R_phi": 0.9817460496754492,
      "hardware_R_psi": 0.9331600414266732,
      "hardware_R_combined": 0.9947659771200188,
      "go_no_go_classical": "GO",
      "go_no_go_quantum": "GO",
      "go_no_go_hardware": "GO",
      "agreement": true
    },
    {
      "structure_type": "random_coil",
      "n_residues": 20,
      "classical_R_phi": 0.2632743231644794,
      "classical_R_psi": 0.1104795286124313,
      "classical_R_combined": 0.1705474219065436,
      "quantum_R_phi": 0.8913692766186823,
      "quantum_R_psi": 0.9365857389265528,
      "quantum_R_combined": 0.9998989574448887,
      "hardware_R_phi": 0.9116703708574924,
      "hardware_R_psi": 0.949263917510874,
      "hardware_R_combined": 0.9991541012435424,
      "go_no_go_classical": "GO",
      "go_no_go_quantum": "GO",
      "go_no_go_hardware": "GO",
      "agreement": true
    },
    {
      "structure_type": "mixed_structure",
      "n_residues": 20,
      "classical_R_phi": 0.7461676559152846,
      "classical_R_psi": 0.35100877330401176,
      "classical_R_combined": 0.5117727948826061,
      "quantum_R_phi": 0.998760454653219,
      "quantum_R_psi": 0.9994578713965291,
      "quantum_R_combined": 0.9971475871110795,
      "hardware_R_phi": 0.9982707530378141,
      "hardware_R_psi": 0.9975946600938235,
      "hardware_R_combined": 0.9957896968394241,
      "go_no_go_classical": "GO",
      "go_no_go_quantum": "GO",
      "go_no_go_hardware": "GO",
      "agreement": true
    },
    {
      "structure_type": "alpha_helix_noisy",
      "n_residues": 20,
      "classical_R_phi": 0.9587073764299817,
      "classical_R_psi": 0.9664402088856909,
      "classical_R_combined": 0.9625660274169477,
      "quantum_R_phi": 0.999112780274605,
      "quantum_R_psi": 0.997624718946284,
      "quantum_R_combined": 0.9900756971736121,
      "hardware_R_phi": 0.9989950027771797,
      "hardware_R_psi": 0.9966562824917675,
      "hardware_R_combined": 0.9915975459214745,
      "go_no_go_classical": "GO",
      "go_no_go_quantum": "GO",
      "go_no_go_hardware": "GO",
      "agreement": true
    },
    {
      "structure_type": "alpha_helix_clean",
      "n_residues": 20,
      "classical_R_phi": 0.9998702503188134,
      "classical_R_psi": 0.9998132078455203,
      "classical_R_combined": 0.999841728675372,
      "quantum_R_phi": 0.9992369873101171,
      "quantum_R_psi": 0.9992356860707933,
      "quantum_R_combined": 0.9970709638634916,
      "hardware_R_phi": 0.9988416636664461,
      "hardware_R_psi": 0.9996377097714384,
      "hardware_R_combined": 0.9975671965557658,
      "go_no_go_classical": "GO",
      "go_no_go_quantum": "GO",
      "go_no_go_hardware": "GO",
      "agreement": true
    }
  ],
  "validation_passed": 5,
  "total_tests": 6
}